item_id,part,qty,rough_dimensions_in,final_dimensions_in,material,operation,fixture_or_tool,yield_note,notes
WHG-CUT-001,Coupon strips set,12,4 x 12 x 0.20-0.35,4 x 10 variable test coupons,Maple walnut and birch laminate,Rip plane sand and label,Table saw planer drum sander,Use offcuts first,Prepare matched thickness sweeps
WHG-CUT-002,Single-field top blank,2,10 x 10 x 0.30,8 x 8 tuned test plate,Maple or birch laminate,Cut and surface,Table saw sander,Make two identical blanks,One stays as control
WHG-CUT-003,Single-field test bowl,1,10 x 10 x 3.0 blank or ring stack,9 OD x 2.25 deep bowl cavity,Maple or laminated rings,CNC route or ring glue-up,CNC router or band saw jig,Leave trim allowance for cavity tests,Designed for removable top experiments
WHG-CUT-004,Three-note sector top,2,13 x 13 x 0.30,120 degree sector plate with three note zones,Maple or birch laminate,CNC and hand-tune,CNC router and sanding blocks,One spare sector recommended,Use same datum holes as P1 rig
WHG-CUT-005,Three-note sector bowl,1,13 x 13 x 3.5 blank,12 OD sector body with internal cavity,Maple or laminated ring body,CNC route and trim,CNC router,Match datums to sector top,Keep cavity walls thick enough for screw tests
WHG-CUT-006,Full body upper ring blank,1,19 x 19 x 1.0 laminated blank,18 OD upper structure ring,Maple walnut or birch laminate,CNC profile and recess,CNC router with spoilboard,Leave 0.03 in skin on roughing if needed,Used for full-layout hybrid path
WHG-CUT-007,Full body lower bowl blank,1,19 x 19 x 3.0 laminated blank,18 OD lower bowl with 2.5 in internal depth,Maple walnut or segmented ring assembly,CNC cavity and outside profile,CNC router with flip jig,Allow extra stock for sanding and fit,Supports gu and lower resonance volume
WHG-CUT-008,Removable top ring,2,18.5 x 18.5 x 0.75,17.5 ID x 18.0 OD clamping ring,Birch plywood or hardwood laminate,CNC profile drill and countersink,CNC router drill press,Make one extra ring,Useful across P2 to P4 builds
WHG-CUT-009,Tone-field test inserts,8,3 x 5 x 0.25,Variable insert plates for alternate note geometries,Maple birch laminate or veneer stacks,Cut drill and label,Scroll saw or CNC,Small parts easy to lose,Supports fast A/B testing without rebuilding shell
WHG-CUT-010,Port plugs set,4,3 x 3 x 1.0,2.5 3.0 3.25 and 3.5 in effective port options,Birch plywood and gasket,Cut and fit,Hole saw spindle sander,One body many port options,Lets gu tuning shift without remaking bowl
WHG-CUT-011,Support cradle,1,20 x 20 x 4,Custom lap or bench cradle for full prototype,Plywood cork and foam,Cut glue and pad,Band saw and adhesive,Reusable,Needed for repeatable playing and recording
