item_id,item_name,required_spec,preferred_source_type,search_terms,alternate_option,lead_time_risk,price_check_date,notes
WHG-SRC-001,Hard maple plate stock,Quarter-sawn or stable flat laminated plate 0.25 in thick and 16 in or larger,Fine hardwood dealer,hard maple quarter sawn panel 1/4 inch instrument plate,Baltic birch or aircraft birch laminate,Low,2026-05-06,Choose stability and consistency over dramatic figure
WHG-SRC-002,Walnut or maple body stock,8/4 stock clear enough for ring blanks or CNC laminated shell,Hardwood dealer,8/4 walnut maple clear body blank 18 inch ring stock,Laminated plywood bowl blank,Medium,2026-05-06,Body stock can be uglier than top stock if hidden inside
WHG-SRC-003,Birch laminate panels,Void-free multi-ply 0.20-0.30 in and 0.50 in panels,Plywood supplier,baltic birch 1/4 inch void free sheet small project,Aircraft birch plywood,Medium,2026-05-06,Useful for controlled laminate experiments
WHG-SRC-004,Threaded inserts and screws,Low-profile mechanical fasteners for removable top ring,Industrial hardware supplier,#10-24 threaded insert furniture wood machine screw black oxide,Brass inserts with stainless screws,Low,2026-05-06,Keep hardware mass away from active note zones
WHG-SRC-005,Gasket strip,Cork leather or neoprene 1/16-1/8 inch roll,Industrial craft supplier,cork gasket roll 1/16 neoprene strip leather gasket,Thin wool felt strip,Low,2026-05-06,Needed to avoid buzz on removable assemblies
WHG-SRC-006,Measurement mic,Consistent smartphone external mic or small condenser,Music retailer,measurement microphone clip on tuner acoustic instrument,Use existing shop audio rig,Low,2026-05-06,Consistency matters more than prestige
WHG-SRC-007,Moisture meter,Woodworking moisture meter with repeatable readout,Woodworking supplier,pinless moisture meter woodworking project shop,Pin meter with correction chart,Low,2026-05-06,Wood moisture must be tied to pitch drift
WHG-SRC-008,Shellac or sealer,Light low-build finish suitable for acoustic tests,Finishing supplier,dewaxed shellac sanding sealer instrument prototype,Waterborne sanding sealer,Low,2026-05-06,Only apply after baseline acoustic tests
WHG-SRC-009,Protective case support,18 inch class padded drum or custom ring support,General music retailer,18 inch padded drum bag round instrument case,Custom foam ring in generic tote,Medium,2026-05-06,Prototype transport protection can be simple but intentional
