artifact_id,path,artifact_kind,role,authority,derived_from,dimension_claim,review_status,notes
CAR-README-001,README.md,packet_readme,readiness_boundary,concept_only,,none,self_checked,"Declares L2 candidate status and blocks build-ready claims."
CAR-DESIGN-001,design.md,design_brief,mechanism_scaffold,concept_only,,none,self_checked,"Mechanism and parametric intent only; contains no bell dimensions tuning values transmission lengths CAD geometry or DXF coordinates."
CAR-BOM-001,bom.csv,bom_table,parts_family_estimate,pending_measurement,design.md,estimate_labels_only,self_checked,"Estimated part families only; all physical specifications remain pending."
CAR-CUT-001,cut-list.csv,measurement_template,action_mule_planning,pending_measurement,design.md,planned_missing_artifact,self_checked,"Pending-measurement planning rows for action mule and future artifacts; no dimensions or fabrication authority."
CAR-CAD-LOG-001,cad/mcp-session-log.md,provenance_log,mcp_log,concept_only,decision-record.md,none,self_checked,"Documents that no MCP CAD image or creative-tool session produced artifacts."
CAR-DECISION-001,decision-record.md,decision_record,open_questions,concept_only,docs/plans/2026-05-30-round7/codex-new-carillon.md,none,self_checked,"Records qmd Step 0 behavior carillon mechanism decisions and L2 measurement gates."
CAR-CAD-PLAN-001,cad/carillon-action.scad,cad_source_planned,future_parametric_cad,pending_measurement,design.md,planned_missing_artifact,unreviewed,"Future action-layout CAD only; not present and not implied by this L2 packet."
CAR-DXF-PLAN-001,drawings/transmission-layout.dxf,dxf_export_planned,future_transmission_template,pending_measurement,CAR-CAD-PLAN-001,planned_missing_artifact,unreviewed,"Future DXF only after measured keyboard action transmission and clapper geometry exist."
CAR-TABLE-PLAN-001,tables/bell-register.csv,design_table_planned,future_bell_register,pending_measurement,design.md,planned_missing_artifact,unreviewed,"Future foundry or measured bell register; no tuning partial or bell-profile numbers are supplied."
CAR-WL-STARTER-001,carillon-starter.wl,wolfram_starter,source_entrypoint,reference_only,wolfram/carillon-wolfram-model.wl,none,self_checked,"Thin Wolfram entry point; source only, not fabrication authority."
CAR-WL-MODEL-001,wolfram/carillon-wolfram-model.wl,wolfram_model,parametric_acoustic_model,reference_only,design.md,estimate_relationships_only,self_checked,"Symbolic estimate-only carillon bell/action model; every physical number remains pending measurement."
CAR-SRC-001,sourcing.csv,sourcing,sourcing,pending_measurement,design.md,planned_missing_dimensions,self_checked,"V5 baseline-file gap fill; thin pointer into bom.csv/deepened docs, all fields TBD."
CAR-VAL-001,validation.csv,measurement_template,measurement_template,pending_measurement,measurement-and-validation-protocol.md,planned_missing_dimensions,self_checked,"Thin pointer into measurement-and-validation-protocol.md; all measured/result fields TBD."
CAR-RISKS-001,risks.md,risk_register,risk_notes,concept_only,risk-FMEA.md,none,self_checked,"V5 baseline-file gap fill; thin pointer into risk-FMEA.md, no new dimensions."
CAR-DRAWBRIEF-001,drawing-brief.md,drawing_brief,drawing_stub,concept_only,design.md,placeholder,self_checked,"Drawing brief stub; explicitly blocks DXF/CAD authoring until measured/specialist-reviewed gates pass."
