item_id,subsystem,item,authority,source_status,estimated_quantity,unit,notes
body-shell,body,soundbox and soundboard,pending_measurement,estimate_pending,TBD,set,"Shape, bracing, material stack, and thickness are review questions."
internal-blocks,body,wheel and bridge support blocks,pending_measurement,estimate_pending,TBD,set,"Support structure must reference future wheel axle and bridge loads."
wheel,wheel-bow,rosined wheel,pending_measurement,estimate_pending,TBD,each,"Diameter, material, edge profile, bearing choice, and truing method require review."
crank,wheel-bow,crank and handle,pending_measurement,estimate_pending,TBD,each,"Throw, handle shape, and axle interface are pending ergonomic testing."
axle,wheel-bow,axle and bearing or bushing set,pending_measurement,estimate_pending,TBD,set,"Backlash, stiffness, service access, and dust protection are unresolved."
wheel-cover,wheel-bow,wheel cover,pending_measurement,estimate_pending,TBD,each,"Protects hand and contains rosin dust while allowing inspection."
melody-strings,stringing,chanterelle melody strings,pending_measurement,estimate_pending,TBD,set,"No tuning, gauge, material, or count is specified in this L2 packet."
drone-strings,stringing,drone strings,pending_measurement,estimate_pending,TBD,set,"Independent muting and contact setup are open design decisions."
trompette-string,stringing,trompette drone string,pending_measurement,estimate_pending,TBD,each,"Buzz behavior depends on bridge, wrapping, contact, and crank impulse."
cotton-wrap,stringing,cotton or equivalent string wrapping,pending_measurement,estimate_pending,TBD,lot,"Wrapping material and density require setup tests."
keybox,keyboard,keybox housing,pending_measurement,estimate_pending,TBD,assembly,"Reference planes, guides, return action, and access are unresolved."
keys,keyboard,keys and springs or returns,pending_measurement,estimate_pending,TBD,set,"Key count and action geometry are not specified."
tangents,keyboard,adjustable tangents,pending_measurement,estimate_pending,TBD,set,"Tangent material, attachment, and contact shape require prototype testing."
melody-bridge,bridges,melody bridge,pending_measurement,estimate_pending,TBD,each,"Height, crown, and string contact are pending measurement."
drone-bridge,bridges,drone bridge,pending_measurement,estimate_pending,TBD,each,"Setup must isolate drone speech from melody-string setup."
trompette-bridge,bridges,buzzing bridge or chien,pending_measurement,estimate_pending,TBD,each,"Designed as an adjustable experiment, not a fixed released part."
tailpiece,stringing,tailpiece,pending_measurement,estimate_pending,TBD,each,"Separate string paths and service access are open."
pegbox,stringing,pegbox and tuning hardware,pending_measurement,estimate_pending,TBD,set,"Tuner style and layout are pending review."
muters,stringing,drone and trompette muting provisions,pending_measurement,estimate_pending,TBD,set,"Needed for setup and practice control; no geometry is released."
rosin,setup,wheel rosin,concept_only,estimate_pending,TBD,consumable,"Consumable setup material; exact product is not specified."
setup-log,validation,prototype setup log,concept_only,planned,TBD,document,"Future log for wheel truing, rosin, wrapping, tangent, drone, and trompette tests."
coupon-rig,validation,wheel-string-trompette coupon rig,pending_measurement,estimate_pending,TBD,assembly,"Recommended before a full body build; dimensions and fixtures are not specified."
