cut_id,subsystem,part_or_blank,authority,source_status,estimate_size,quantity,notes
CUT-001,body,soundboard blank,pending_measurement,estimate_pending,TBD,TBD,"Blank family only; outline, thickness, grain, and bracing are unresolved."
CUT-002,body,back or body shell blank,pending_measurement,estimate_pending,TBD,TBD,"Body construction method is not selected."
CUT-003,body,internal wheel support blocks,pending_measurement,estimate_pending,TBD,TBD,"Support locations depend on future axle and wheel layout."
CUT-004,wheel-bow,wheel blank,pending_measurement,estimate_pending,TBD,TBD,"Wheel diameter, material, edge profile, and truing allowance are not released."
CUT-005,wheel-bow,crank blank,pending_measurement,estimate_pending,TBD,TBD,"Crank throw and handle ergonomics require mockup testing."
CUT-006,wheel-bow,wheel cover blank,pending_measurement,estimate_pending,TBD,TBD,"Access and dust containment requirements remain open."
CUT-007,keyboard,keybox side and lid blanks,pending_measurement,estimate_pending,TBD,TBD,"Reference planes and service clearances require layout review."
CUT-008,keyboard,key blanks,pending_measurement,estimate_pending,TBD,TBD,"Key count, travel, and return style are not specified."
CUT-009,keyboard,tangent blanks,pending_measurement,estimate_pending,TBD,TBD,"Contact profile and adjustment method require prototype testing."
CUT-010,bridges,melody and drone bridge blanks,pending_measurement,estimate_pending,TBD,TBD,"Bridge heights and contact points are pending measurement."
CUT-011,bridges,trompette bridge experiment blanks,pending_measurement,estimate_pending,TBD,TBD,"Multiple test blanks expected; no bridge mass or geometry released."
CUT-012,stringing,tailpiece blank,pending_measurement,estimate_pending,TBD,TBD,"String paths and anchor loads need future review."
CUT-013,stringing,pegbox blank,pending_measurement,estimate_pending,TBD,TBD,"Tuner layout and string count are unresolved."
CUT-014,validation,wheel-string coupon rig parts,pending_measurement,estimate_pending,TBD,TBD,"First-test fixture only; not an instrument cut list."
